"1","Tiger Nixon1","611","3208001","images/default_profile.png"
"2","Garrett Winters","63","434343","images/default_profile.png"
"3","Ashton Cox","66","86000","images/default_profile.png"
"4","Cedric Kelly","22","433060","images/default_profile.png"
"5","Airi Satou","33","162700","images/default_profile.png"
"6","Brielle Williamson","61","372000","images/default_profile.png"
"7","Herrod Chandler","59","137500","images/default_profile.png"
"8","Rhona Davidson","55","327900","images/default_profile.png"
"9","Colleen Hurst","39","205500","images/default_profile.png"
"10","Sonya Frost","23","103600","images/default_profile.png"
"11","Jena Gaines","30","90560","images/default_profile.png"
"12","Quinn Flynn","22","342000","images/default_profile.png"
"13","Charde Marshall","36","470600","images/default_profile.png"
"14","Haley Kennedy","43","313500","images/default_profile.png"
"15","Tatyana Fitzpatrick","19","385750","images/default_profile.png"
"16","Michael Silva","66","198500","images/default_profile.png"
"17","Paul Byrd","64","725000","images/default_profile.png"
"18","Gloria Little","59","237500","images/default_profile.png"
"19","Bradley Greer","41","132000","images/default_profile.png"
"20","Dai Rios","35","217500","images/default_profile.png"
"21","Jenette Caldwell","30","345000","images/default_profile.png"
"22","Yuri Berry","40","675000","images/default_profile.png"
"23","Caesar Vance","21","106450","images/default_profile.png"
"24","Doris Wilder","23","85600","images/default_profile.png"
"25","Angelica Ramos","47","1200000","images/default_profile.png"
"26","Gavin Joyce","42","92575","images/default_profile.png"
"27","Jennifer Chang","28","357650","images/default_profile.png"
"28","Brenden Wagner","28","206850","images/default_profile.png"
"29","Fiona Green","48","850000","images/default_profile.png"
"30","Shou Itou","20","163000","images/default_profile.png"
"31","Michelle House","37","95400","images/default_profile.png"
"32","Suki Burks","53","114500","images/default_profile.png"
"33","Prescott Bartlett","27","145000","images/default_profile.png"
"34","Gavin Cortez","22","235500","images/default_profile.png"
"35","Martena Mccray","46","324050","images/default_profile.png"
"36","Unity Butler","47","85675","images/default_profile.png"
"37","Howard Hatfield","51","164500","images/default_profile.png"
"38","Hope Fuentes","41","109850","images/default_profile.png"
"39","Vivian Harrell","62","452500","images/default_profile.png"
"40","Timothy Mooney","37","136200","images/default_profile.png"
"41","Jackson Bradshaw","65","645750","images/default_profile.png"
"42","Olivia Liang","64","234500","images/default_profile.png"
"43","Bruno Nash","38","163500","images/default_profile.png"
"44","Sakura Yamamoto","37","139575","images/default_profile.png"
"45","Thor Walton","61","98540","images/default_profile.png"
"46","Finn Camacho","47","87500","images/default_profile.png"
"47","Serge Baldwin","64","138575","images/default_profile.png"
"48","Zenaida Frank","63","125250","images/default_profile.png"
"49","Zorita Serrano","56","115000","images/default_profile.png"
"50","Jennifer Acosta","43","75650","images/default_profile.png"
"51","Cara Stevens","46","145600","images/default_profile.png"
"52","Hermione Butler","47","356250","images/default_profile.png"
"53","Lael Greer","21","103500","images/default_profile.png"
"54","Jonas Alexander","30","86500","images/default_profile.png"
"55","Shad Decker","51","183000","images/default_profile.png"
"56","Michael Bruce","29","183000","images/default_profile.png"
"57","Donna Snider","27","112000","images/default_profile.png"
"58","Aman","555","7777",""
"59","Aman6","555","7777",""
"66","","0","0",""
"70","","0","0",""
